userId,userName,debutYear,firstPostTime,firstTitle,firstContentId,latestPostTime,latestTitle,latestContentId
347413,そーき(爪楊枝P),2016,2016-04-27 21:30:00,ひとりでとことこツーリング01-02　～指宿市魚見岳下山～,sm28722951,,,
1164347,孫の手,2016,2016-06-03 21:01:00,【そくドラ！外縁隊】 神様が往く！16年6月その1【車載オフ】,sm28974762,,,
7350523,神無月,2016,2016-02-02 06:46:55,原付二種で名所めぐり　12箇所目【熊本県・一本松公園】,sm28128895,,,
12737895,めや,2016,2016-08-28 11:17:16,【車載】恵那山トンネル時速40km通過（渋滞気味）【VOICEROID車載】,sm29537310,,,
43993,雪楓,2021,2021-02-22 00:10:03,【CeVIO車載】すずきつづみは北海道を旅したい PartTest【すずきつづみ投稿祭】,sm38312142,2026-07-15 18:00:00,【CeVIO車載】すずきつづみは北海道を旅したい Part26【シンプル車載動画投稿祭2026 編】,sm46545972
158227,ラッチ・アスト,2021,2021-09-25 05:57:02,涼月と行く佐世保旅行R【その２】,sm39385015,2026-03-21 18:05:00,【手抜き車載祭】涼月と行く 新札幌で朝ラー,sm46081612
227322,ヶ崎,2021,2021-09-11 19:51:03,ユカリとアカリと納車の日のおじs…お兄さん【VOICEROID車載】,sm39319655,2026-06-26 22:03:31,ユカリとアカリと御嶽エクスプローラーパークとおじs…お兄さん【VOICEROID車載】,sm46481244
250064,ぽな粉,2021,2021-10-16 19:00:00,おねちゃんOИ Theチェコバイク その1,sm39489801,2026-07-19 19:00:00,おねちゃんOИ Theチェコバイク その48,sm46565911
325194,タケシ,2021,2021-06-05 23:24:03,【結月ゆかり車載】ゆかりさんとバイクで。～舞台探訪～ 兵庫県香美町 AIR編,sm38843891,2025-09-28 18:00:00,【結月ゆかり車載】ゆかりさんとバイクで。～オフオフ会と行く 播州アドベンチャーラリー編～,sm45453738
346330,エボっち,2021,2021-07-14 21:58:02,たまに行くなら、こんなツーリング＃０　門真～梅田～難波,sm39030739,2026-08-13 19:24:48,たまに行くならこんなツーリングver2.0【琴葉茜＆結月ゆかり車載動画】＃39　全スーパー戦隊展を見に行くで！,sm46663376
490821,しろくろぱんだ,2021,2021-09-20 04:05:02,動画編集練習編　part1,sm39360758,2026-07-20 19:30:00,【VoiSona Talk車載】とあるふつーのOLの休日2【シンプル車載動画投稿祭2026】,sm46568342
509719,szk（すずき）,2021,2021-09-28 20:30:00,バイクとゆかりと知らない景色 ～#1 都心の表情～【VOICEROID劇場風車載】,sm39400674,2025-11-25 11:45:00,嵐の中めざせ関東→大阪！～雨風ツーリング～[すずきとゆづきと知らない景色 ADV],sm45641049
548350,チアキ,2021,2021-02-13 20:34:02,"【SR400車載】SRさん～Her name is &quot;SR&quot;～chapter,00",sm38268938,2025-10-16 20:49:02,"【車載動画】SRさん chapter,25「こういうのでいいんだよ」",sm45523392
632044,ゴーマゲドン,2021,2021-10-02 20:33:02,【レコスタ車載】ヤマハノススメ #1（カメラテスト）【第二回原石祭】,sm39422687,2026-07-20 23:23:00,【シンプル車載動画投稿祭】ヤマハノススメEX03 三田の山奥 芝桜,sm46572297
692241,モヤイ,2021,2021-03-15 22:48:03,【A.I.VOICE車載】茜ちゃんボンジョルノ!!-都道8号～コメダ珈琲練馬土支田店-,sm38427200,2026-07-13 18:00:00,【シンプル車載動画投稿祭2026】ミコトと北欧風とカレースープ【モンキー125】,sm46543418
937813,Megmarian,2021,2021-08-21 00:16:02,セイカとゆかりのこの辺でちょいとドライブ #0 お試し投稿・北海道百年記念塔【ボイロ車載】,sm39213477,2026-07-14 18:00:00,ゆかりんのたまには自分もドライブ(仮) 三笠の歴史とジオを感じよう編【シンプル車載動画投稿祭2026】,sm46546629
1198869,ごっつ,2021,2021-11-15 23:45:03,[VOICEROID車載]東北きりたんの近くに行きたい＃１,sm39628882,2026-01-23 19:00:00,[VOICEROID車載]結月ゆかりと東北きりたんのわたしたちはあちこち行きたい!!＃1[2026年初日の出],sm45866174
1329105,稲なんとか,2021,2021-05-05 03:20:03,車載動画のお試し,sm38687691,2026-07-30 20:31:15,【ニコニコダム祭り】房総のダムカレー,sm46606700
1700443,ビン牛乳,2021,2021-11-20 09:00:00,自転車競技RTA！第1回,sm39645881,2026-06-08 18:00:00,自転車競技RTA！第６６回　Mt富士ヒルクライム２０２６,sm46410592
1726946,トップガン,2021,2021-01-03 00:45:02,【ロードバイク車載動画】ロッテファンが自転車で紅葉狩りに行く【奥津渓】,sm38064004,2026-07-05 09:57:55,【ロードバイク車載】ロッテファンの自転車紀行　part24【グランフォンド小諸】,sm46514261
2138335,Tak,2021,2021-05-19 22:30:03,【ゆっくり車載】CBR250Rでまったりツーリング Part 0【テスト投稿】,sm38760988,2026-07-24 18:00:00,宮舞、またまた東北へ行く with 六花【後編】,sm46582153
2744598,Yamamaya,2021,2021-09-11 06:01:02,【弦巻マキ実況】大人の夏休み2021～北海道ソロ釣りキャンプ旅～その１ 北海道上陸編,sm39315994,2026-08-13 06:00:00,山梨県早川町で「モノノケのムスメ」スタンプラリーをやってきた！【 #弦巻マキ #小春六花 実況】 #フライフィッシング,ss46660391
3614086,ばたぞー,2021,2021-12-04 10:37:02,X-ADVで福島へ行ってきました 2021 前篇,sm39708106,2026-08-07 12:14:31,ヤマハの三輪車(TRICITY)でSSTRに初参加しました 2026,sm46625914
3640159,コメット,2021,2021-04-21 12:00:00,ゆかり栃木探訪記,sm38612776,2026-06-15 00:00:00,【ゆかずん車載】ゆかずん栃木探訪記#25【VOICEROID車載】,sm46435992
6963812,まれっと,2021,2021-08-09 07:17:02,【ボイロ車載】汝、CUBに乗りなさい【初投稿祭】,sm39151871,2026-08-14 19:30:00,【ボイロ車載】あかりちゃんのおたのしみ【四国スポーツラリー2026】,sm46661118
7742541,すけきよ,2021,2021-10-01 18:32:02,初心運転者標章マン、放浪の旅に出る　Part1,sm39416445,2026-03-15 20:04:04,途中までどこを走ってるかわからなかった動画【手抜き車載祭】,sm46062089
8176324,コーラさん,2021,2021-02-17 21:21:00,黒い液の旅人 Part.01 納車まで【VOICEROID車載】,sm38289724,2026-08-13 19:00:00,黒い液の旅人 番外編.06 バック・イン・レッド（暫定）,sm46660987
9133008,ボンディーヌ,2021,2021-07-18 19:10:02,【VOICEROID車載】彼の地を駆ける～四国ツーリング～,sm39049462,2026-07-20 23:30:00,彼の地を駆ける～【#シンプル車載動画投稿祭2026】～,sm46572598
9421548,チャマ,2021,2021-05-24 00:56:02,【自転車動画祭2021春】北海道ゆるふわポタリング支笏湖編(紋別岳RTA)【VOICEROID車載】,sm38782495,2026-06-25 21:15:50,根室で眠ろ ３眠【冬の道東お写真旅】,sm46477233
9563893,MegRo_Kawazaki,2021,2021-05-04 09:52:52,【VOICEROID車載】休日「ゆるぐだ」ツーリング記3【山口県長門市仙崎】,sm38682484,2026-07-19 19:00:00,ヒマワリを見に行く宮舞車載【シンプル車載動画投稿祭】,sm46566649
9673761,ぶらり旅人Broveler,2021,2021-04-23 11:03:02,【結月ゆかり】道東ドライブ2泊3日 ~2日目根室→網走~【ゆっくり実況】,sm38621699,2026-05-15 18:00:00,【VOICEROID車載 最終回】自転車で日本縦断の旅REMAKE ~Part40東奔西走沖縄本島 また旅を求めて~【ゆっくり実況】,sm46312353
9989623,エリック中村,2021,2021-02-04 21:37:02,葵ちゃんついて来る？第1話「簡単に言えば暗めの水色です」,sm38223618,2026-08-10 18:00:00,りりせと暑い中、芸術を見てお風呂に入った時の話【XSR700】,sm46649319
10719244,takapon,2021,2021-03-26 03:44:02,浮世絵茜はひた走る 腐道酷道編 part1 府道62号線 宇治田原ー和束,sm38487383,2026-03-31 23:44:04,カメラが捉えた衝撃の手抜き車載【手抜き車載祭】,sm46118314
12137480,mofumofuhome,2021,2021-07-29 20:19:02,ゆっくり車載（猫）　Part1　真夏ドライブ！　それでもやはり世界は美しい！　与板～ながおか花火館・越後七浦シーサイドライン,sm39101792,2026-08-13 20:12:41,ゆっくり車載（猫）Part11　北陸スタンプラリー　その5,sm46663515
15214228,もみじ@ロケットⅢ,2021,2021-11-05 23:54:02,ローちゃん乗って温泉行こうよ！千葉南房総半島編１,sm39584258,2025-08-28 19:00:00,【レシピルート10ＭＲ】僕は六花と旅をする　見えない物を祀る場所,sm45342964
16798811,マーフィー,2021,2021-11-05 21:19:02,【VOICEROID自転車車載】旧中山道を往く part1「日本橋、板橋」,sm39583204,2025-11-23 19:19:00,【ボイロエッセイ投稿祭】荒川サイクリングロード100%（じゃなかった）_謎の自分語りを添えて【自転車車載】【動画投稿振り返り？】,sm45652307
17611295,(ぽん),2021,2021-11-08 08:11:00,【VOICEROID車載】電動キック！茜ちゃん　第0話「輪行でりんくう→泉南イオンへ　～紀州街道&amp;府道250号～」,sm39595165,2026-03-31 23:59:00,カブで征く、阿蘇と桜と茜ちゃん,sm46118359
19313396,こぶあらくさ,2021,2021-01-03 21:12:02,瀬戸大橋,sm38068546,2026-07-16 18:00:00,【シンプル車載動画投稿祭】ゆるっとドライブ！中国地方を行こう～笠岡ベイファーム編～【蓮鬼ねむ】,sm46536501
19691977,あまにた,2021,2021-05-21 17:00:00,ゆかきりロードバイク紀行　～夏の渋峠編～,sm38758542,2026-08-03 20:30:00,ゆかきりロードバイク紀行　～春の万座温泉・渋峠編～,sm46623153
19942117,鳥カラ,2021,2021-08-15 08:00:00,【VOICEROID車載】和歌山ツーリング記録　part1,sm39177948,2026-06-28 19:00:00,【ソフトウェアトーク車載】岐阜バンジー本番,sm46483051
21249257,とむ猫,2021,2021-11-18 14:03:04,小春はGROMで旅に出る０１　撮影テストで手賀沼・印旛沼・利根川ご近所ツーリング,sm39638327,2026-08-08 22:04:29,岩船山と猫神社,sm46642469
22176636,こむぎ,2021,2021-08-12 20:33:02,【紲星あかり車載】GPZ1100ツーリング テスト動画,sm39168869,2026-05-29 20:00:00,【紲星あかり・東北きりたん車載】あの旅の続きをしよう part49  ～袖山高原編～【GPZ1100ツーリング】,sm46353643
23467970,ヤミカ,2021,2021-05-10 18:30:03,あかきりのサイクル日和01　三河湾スカイライン,sm38716220,2025-10-28 18:00:00,あかきりサイクル日和　2024-2025東海CX 千石公園,sm45563298
24479712,カヤ,2021,2021-10-25 14:06:02,【coefont旅行】ミリアリ姉妹はお遍路がしたい！#3 歴史香る阿波の町（8番・9番札所）,sm39531172,2026-06-22 01:26:14,これは詳細を省くが結論だけ言うとお前は〇ぬ【車載】,ss46463626
24773699,黒之瀬ゆう,2021,2021-01-06 20:00:00,【VOICEROID車載】納車動画編,sm38076124,2026-07-04 18:00:00,KLX230 Sherpa　納車動画,sm46497205
24841916,空三郎,2021,2021-10-08 21:58:04,【ふらっとバイク旅】インスタントコーヒーとうどんと神宮編,sm39450033,2025-11-20 20:24:04,【CeVIO車載】夏の適当ロンツースペシャル14最終回,sm45645739
25921634,はにわ麻呂,2021,2021-01-03 13:41:02,【VOICEROID車載】いい感じのタイトルが思い浮かばなかった車載動画っぽいもの part2「本州最南端」編,sm38066103,2026-08-15 20:30:00,ちょうどいい自由旅？ episode00,sm46669904
26924456,カーペット,2021,2021-12-01 11:36:02,【東北きりたん車載】レンタルカート耐久レースに挑戦！【MS投稿祭】,sm39695918,2026-07-18 14:16:52,【第8回ボイカーナ】歩こう走ろう屋根開けよう【VOICEROID車載】,sm46561908
27355619,脳みそ海綿隊,2021,2021-12-30 18:00:00,ずんだもんと行く！！ホームラン出るまで帰れま10【西日本縦断旅2日目】,sm39828318,2025-09-01 19:00:00,ずんだもんと行く！！ホームラン出るまで帰れま10【西日本縦断旅12日目】最終回,sm45360665
27391591,社畜のお燐,2021,2021-03-31 14:06:02,「VOCALOID車載」バイクで行く　お燐とあかりの西日本ツーリング1-3,sm38513577,2026-03-06 21:48:04,【日帰り旅行祭2026】北海道に来る全てのライダーへ 苫小牧ライダーの過ごし方 北海道ツーリング[VOICEROID車載],sm46029054
29727497,餅月玉兎,2021,2021-10-14 02:19:02,初投稿　ノウサギはさるきたい　その１　国見ケ丘,sm39475643,2026-03-30 23:04:04,手抜き,sm46114120
35805355,洲埼ありゅ,2021,2021-11-08 13:30:00,【CeVIO車載】 ディバージョンとゆく！　【XJ６　Diversion】Part2,sm39595652,2026-08-10 23:30:00,【VOICEPEAK車載】擬人化バイクと共に走る道　19話,sm46651636
39455068,やっしい,2021,2021-04-13 21:03:04,【ひとくちボイロ車載】一般道って聞いたのに…,sm38576287,2026-07-28 01:42:32,【VOICEROID車載】おい、日帰りしろよ,sm46597886
43381751,フェスタ,2021,2021-03-19 23:18:03,【VOICEROID車載】 ボイロ達とレヴォと行く気まま旅日記　Pt.1,sm38456939,2025-11-19 18:40:00,[CeVIO車載]青春旅行記(トラベラー) EX.1 湊音流の洗車,sm45639824
47039508,Fuji,2021,2021-12-25 21:06:02,福島には朝にラーメンを食べるという文化があるらしい【VOICEROIDグルメ】,sm39804852,2026-05-01 20:00:00,六花「旅行中にカメラが壊れちゃいましたね... どうしますか？？」,sm46250185
49608074,兎犬,2021,2021-05-26 02:06:03,ルック車MTBでゆる～くダラダラサイクリング（ほぼ雑談）,sm38790918,2026-03-21 00:00:00,年初め！！新春ライド2026,sm46065448
50726430,中庸,2021,2021-12-09 20:50:02,【MS投稿祭】リターンドライバーはジムカーナを楽しみたい,sm39731563,2026-07-15 22:16:30,苦手でもジムカーナ！第8回ボイカーナ！,sm46552711
55973103,Rin.,2021,2021-04-17 20:53:03,風花雪月疾走録(仮称) 2021-03-20,sm38594918,2026-04-04 18:00:00,疾走録　秋の終わりに長者原,sm46130598
56102385,しゅりくま,2021,2021-04-23 16:40:00,諸々のテスト動画,sm38619048,2026-05-30 18:00:00,休日日記#44　土師ダムお花見ドライブ,sm46372669
59665199,そると,2021,2021-08-21 00:00:00,【第七回ひじき祭】りっかとマキのプチ旅行part4「山陰地方にいってきました！」,sm39165284,2026-07-18 18:24:58,りっかのプチ旅行「恋する駅と倉敷さんぽ！」【小春六花】,sm46562883
60498731,兎男,2021,2021-12-31 12:51:01,兎男のツーリング日記_01【オリキャラ車載】,sm39832430,2026-07-27 18:00:00,【XSR155】兎男のツーリング日記_17【納車】,sm46594455
62451022,べるふぇると,2021,2021-11-06 17:43:03,【CeVIO自転車車載】クロスバイクで行く東京みち～#1東八道路～,sm39587089,2025-09-09 00:00:08,【夏色花梨誕生祭2025】仮んさんと行く群馬旅行,sm45385024
62761706,ベネトナシュ@けん玉踊り手,2021,2021-10-02 19:00:00,【東北きりたん車載】けん玉とカブ　#1  納車と初ツーリング,sm39418934,2025-11-25 20:00:00,誕生日なので三不粘を食べに行きます！！！【琴詠ニア誕生祭2025】,sm45664180
76317237,とおる●ksnktor,2021,2021-01-31 21:57:03,クルマでぶらり旅 part.1 ～本栖湖、白糸の滝～,sm38205194,2026-05-11 21:00:00,クルマでぶらり旅　～Part.16～六甲山系ぶらり旅【兵庫県】,sm46298012
87417369,ばるんが,2021,2021-05-21 19:28:02,ゲッタードラゴンの坂道探訪(1)「横浜市中区/磯子区/港北区」,sm38769155,2025-12-29 19:50:04,横浜市の市区役所巡りを100%楽しみたい,sm45780043
94350805,肉を食す邪神の会,2021,2021-04-04 09:00:00,【VOICEROID車載】紲星あかりのひとっ走り付き合えよ！ #01,sm38532037,2026-07-11 18:05:00,北海道だ‼さて…トド岩送りにされてきます【シンプル車載動画投稿祭2026+紲星あかり車載】,sm46537151
117112603,むぎのすけ,2021,2021-03-01 23:45:03,ひとの車で北東北を巡る車載 Part.0,sm38353797,2026-07-18 00:02:56,【ゆっくり車載】有象無象の東北車載録 Part.16 福島・三春【VOICEROID車載】,sm46560227
117168809,終末委員会,2021,2021-01-02 14:05:03,【ツーリング01J】開通したばかりの外環から湾岸（ﾎﾝﾄﾊ東関東道）ツーリング【VOICEROID車載】（間違いだらけ）（初心表明動画）,sm38060563,2026-05-17 17:45:04,【ツーリングWJ16】GW終わったから牛筋煮込み食べに行くよツーリング,sm46321790
118474781,又三郎の車載動画,2021,2021-05-01 16:41:02,MTBルック車で京見峠ヒルクライム,sm38667276,2026-08-12 19:40:07,【高級軽自動車！？】N-ONE RS試乗記（MT),sm46658662
118641340,瑞梅寺穣司,2021,2021-04-02 20:26:02,ゆかりとあかりのダムに行きましょう ver.1.0【寺内ダム】,sm38525146,2026-07-31 22:17:50,到達困難ダム&quot;奥新冠ダム&quot;に行ってきました！【#ニコニコダム祭り】,sm46610897
119024900,うみ,2021,2021-12-15 22:23:03,道路標識旅行 #0 ｜ バイクが納車されたので月に行きます,sm39759602,2025-10-13 10:00:00,道路標識旅行 #2-D ｜ ゆるキャン△スタンプラリー in 伊豆　後編,sm45505842
119089521,HIROFUJI,2021,2021-08-22 03:07:02,〜エクシーガと心躍る日本一周へ！！No.1〜静岡編①,sm39219370,2026-05-07 22:00:00,〜シン日本一周 石垣島編 1 〜,sm46280982
120589279,さらとこ,2021,2021-08-21 13:59:02,ARIA旅 第1回 北海道・えりも岬へ,sm39215738,2026-07-17 18:00:00,雪さんの3分で分かる謎0キロポスト【シンプル車載動画投稿祭2026】,sm46553692
121575700,ラプラス,2021,2021-11-05 20:06:00,ひとりキャンプ紀行＃1「雨の加悦キャンプ場と炊き込みご飯」【Cevio車載】【加悦双峰公園】,sm39583029,2026-08-07 20:00:00,VVWV＃15「Gemini！手軽な山ご飯のレシピ教えて！」【ニコニコ登山祭：山ごはん】【Vstrom250sx】,sm46619700
168374,クーデルト,2023,2023-12-04 10:17:02,バイクで撮影に行きたい＃1 CB650F,sm43104241,2026-07-08 03:32:16,シンプル車載動画　　ちょっとサーキット行ってくるレインボースポーツNinja250SL,sm46525374
322237,どね,2023,2023-03-17 19:52:02,【自転車車載】ペダルと脚で #5 - 青森自転車旅その2 新青森・龍飛崎,sm41942796,2026-08-05 00:00:00,ペダルと脚で #32 - 秋葉山登山RTA【ニコニコ登山祭2026】,sm46624151
383044,湊(みなと),2023,2023-05-14 21:27:02,【京町セイカ車載】セイカさんと一緒にバイクで出掛けたい 納車編【2023初投稿動画祭】,sm42221754,2026-07-20 19:00:00,【シンプル車載動画投稿祭】富士山と玉子サンド【セイカフェス2026】,sm46564257
400526,miitin,2023,2023-12-12 12:00:00,あおあかと行く　～岡山一番街地下駐車場～,sm43136628,2026-07-12 20:00:00,あおあかと行く！　～ＦＬ５で能登半島！編～,sm46542072
409930,市松【ペケペケ農園】,2023,2023-07-13 00:11:02,2023年7月12日　農作業日誌P688　ミニクーパーに乗って伊豆へと走りに行っただけだった・・・,sm42476105,2026-06-25 00:13:41,2026年6月24日　日記1766　芝川沿いの用水路の近くを走り続けるよ,sm46474258
419993,げんつば,2023,2023-07-17 21:51:02,【シンプル車載動画投稿祭】宮ケ瀬湖へいってこよう！【4輪車載】,sm42497519,2026-07-25 16:57:26,ゴムで膨らむダムを見に、オフロードを通って【ニコニコダム祭り】,sm46588472
440220,だわ(終わった人),2023,2023-07-22 19:09:02,きりたんのご近所ツーリング　＃１,sm42516899,2026-08-13 13:11:46,てきとう一人語り　＃４８１,sm46661970
470999,ゆっくりゼルビス,2023,2023-07-26 20:28:02,ゆっくりゼルビス京都ツーリング　その3,sm42533381,2026-02-14 09:23:04,物干しフェザ夫のお伊勢神頼みツーリングその4,sm45944403
482467,masa＠,2023,2023-07-17 17:00:00,【シンプル車載動画投稿祭】自転車で行こう、筑波山【弦巻マキ】,sm42492709,2025-11-19 18:00:00,【自転車登山】大菩薩嶺、晩秋のヒルクライム＆稜線歩き【弦巻マキ】,sm45639118
751817,まめちち,2023,2023-10-13 21:00:00,【日帰り旅行祭2023】蔵王エコーラインと周辺でお土産収集【東北姉妹と温泉むすめ】,sm42877409,2026-06-14 20:00:00,【栃木旅行祭】那須高原で昭和レトロ旅！【温泉むすめ】,sm46434629
833705,ミギンコ,2023,2023-06-15 23:00:00,【VOICEPEAK車載】邪神ちゃん バイクツーリング#1,sm42357433,2026-07-21 00:00:00,【VOICEROID車載】第3回ニコニコダム祭りですの【邪神ちゃんバイクツーリング】,sm46572596
980198,ABSsuper,2023,2023-07-12 17:54:00,めたん紀行　＃１　月ヶ谷温泉あめご膳！【シンプル車載動画投稿祭】,sm42457093,2026-07-13 17:53:00,めたん紀行　＃２２　再訪 門司港の焼きカレー！【VOICEROID車載】【シンプル車載動画投稿祭2026】,sm46538054
1064813,こぐにー,2023,2023-11-16 00:00:00,【野外料理祭２】ゆかりとあかねのキャンプ道　鉄山キャンプ場と秋の刀　【VOICEROIDキャンプ】,sm42990524,2025-08-24 21:30:07,【VOICEORID劇場】人妻マキちゃんのふたりごと【第11回ひじき祭＆ギャルゲ車載投稿祭】,sm45332955
1255034,PxNxT,2023,2023-01-16 22:21:02,【自転車車載】紲星あかりとTバック男爵の冷酷非情な車載動画 №1 久比岐自転車道【VOICEROID】,sm41661108,2026-04-17 19:19:00,紲星あかりのゆるポタ専科 #4【福島旅行 | 道の駅グルメとJリーグ観戦】,sm46185146
1361959,なべしき S,2023,2023-11-30 15:37:02,【VOICEROID車載】ほぼニート茜 バイク旅記　-伊豆・身延編-　第１話 【Ninja400】,sm43087454,2026-02-02 23:44:04,【VOICEROID車載】元ニート茜 バイク旅記　-北海道編-【Ninja400】,sm45904244
1403965,JAKOB,2023,2023-12-07 20:30:03,たのしいRX-8車載　その１,sm43116951,2025-12-02 20:59:04,たのしいRX-8車載　その5/鋳釜崎＆高野崎,sm45688225
1437503,とろろ,2023,2023-07-09 17:03:02,きりたんと行く　大間崎ツーリング①　【見える景色の向こうがわ】,sm42462221,2026-02-28 21:29:03,きりあかと行く　富士山ツーリング1日目　【見える景色の向こうがわ】,sm46005366
1663249,marimo34,2023,2023-07-16 14:04:03,【シンプル車載動画投稿祭】夜にちょこっとドライブ。【結月ゆかり】,sm42490675,2026-06-18 23:55:17,【栃木旅行祭】電波の立たない山奥で温泉と自然を堪能する。【結月ゆかり】,sm46450745
1681323,七番,2023,2023-07-18 03:30:02,自転車で徘徊する 23 〜とりあえず夕暮れの多摩川へ〜,sm42498714,2026-06-23 23:27:23,自転車で徘徊する 39 ~久しぶりの高尾山~,sm46470349
2110599,boron,2023,2023-08-10 21:00:00,きりたんの外遊び♯8 ハンターカブでお出かけ 蔵王エコーライン編,sm42604739,2026-06-26 19:00:00,きりたんの外遊び♯36　山形キャンプオフ会！！,sm46474136
2843393,ざんせつ,2023,2023-08-03 21:59:03,【VOICEROID車載】詞音とあかりのツーリング日和#1【日帰り北海道】,sm42569003,2026-08-10 22:44:46,そうだ、鳥海山に行こう②【山岡家登山鳥海湖支店】,sm46651539
2879453,jifu,2023,2023-01-14 00:26:04,六花と行く！はじめてのデイキャンプ　北海道ツーリング予行演習編#1,sm41647223,2026-06-06 18:06:00,四国ツーリング2024 #3【四国カルスト後編】,sm46398927
3709876,のいしゅ,2023,2023-02-19 19:00:00,【紲星あかり旅行】あかりのみちメモ＃１：御前崎,sm41819220,2026-07-16 18:00:00,【シンプル車載動画投稿祭】ティーカップと振り返るとある一日【福島県塙町】,sm46553565
4204449,テテ,2023,2023-07-07 22:19:03,初車載動画！クロスカブ50で奥多摩大橋へ【シンプル車載動画投稿祭】,sm42454162,2026-08-14 18:00:00,【ソフトウェアトーク車載 ぶらり気ままなバイク旅】ツーリングしながらボイロ達と駄弁るだけ３３,sm46652619
4251733,青砥千樹,2023,2023-06-08 00:16:02,【VOICEROID車載】ゆかりさんとお試しサイクリング,sm42324327,2026-03-08 23:57:05,奥只見ダム【ゆかりさんとマスターのポンコツ奇行11】,sm46038107
4525184,ジェフだもん,2023,2023-01-08 22:27:02,【ずんだもん車載】おいしい佐賀旅#01　48時間無料レンタカー使ってみた【ジェフ千葉を応援するずんだもん】,sm41625040,2026-07-12 00:00:00,【シンプル車載動画投稿祭】3分で違和感を探せ！ビンカン選手権ドライブ～天草市～,sm46538404
5364917,nekoneko,2023,2023-07-30 17:44:02,2023バイ活北海道＃６ー１,sm42550228,2026-08-15 07:48:37,２０２６年バイ活北海道ー０８　道南ツーリング【バイク車載動画】,sm46670372
5453540,bayforK,2023,2023-12-01 19:31:02,【巻いて行こう】栃木をちょろっと走る旅【voicepeak車載】,sm43092708,2026-08-06 23:30:00,【車載】酒々井町の隣のタンメン屋で昼食ドライブ【双葉湊音】,sm46634498
5505898,ビッズ,2023,2023-03-09 20:30:00,あいた日はベルにのって。【VERSYS-X 250】,sm41904129,2026-07-07 00:00:00,【シンプル車載動画投稿祭2026】ちょこっとツーリング【神恵内町～神威岬】,sm46518214
5768947,湯呑み,2023,2023-05-14 18:22:03,【VFR1200Ｆ】九州1周ツーリング1日目九州上陸～阿蘇ツーリング【ゆっくり車載Part3】,sm42220588,2026-03-28 22:44:04,【CRF125F】ミニバイクでエンデューロ！タイスケカップ【ボイロ車載Part8】,sm46107002
7688381,unknown H.,2023,2023-12-16 16:18:02,【買い出し日記】新酒を買いに行こう！　相模原と相模川と相模灘,sm43153199,2025-09-28 18:39:04,【古墳めぐり車載】京都府北部の日本海三大古墳を巡ろう！,sm45456195
7802374,佐古秋人（sgko）,2023,2023-02-09 23:49:03,二束のアネモネ　第１話　　若狭みやがわひまわり園編　【VOICEROID車載】,sm41772593,2026-07-12 01:22:48,【シンプル車載動画投稿祭】みゃーまい和歌山観光案内「鷲ヶ峰コスモスパーク」,sm46539102
8611361,八神蒼介,2023,2023-10-09 23:00:00,ゆかりさんの気まぐれサイクリング#01 聖地ライド『侍戦隊シンケンジャー』編【VOICEROID車載】,sm42860146,2026-03-06 20:00:00,ゆかりさんの気まぐれサイクリング#19 東国三社ロングライド2026編【VOICEROID車載】,sm46023616
10041716,スカイ,2023,2023-12-25 09:48:02,【ボイカーナ3rdレポ】行きたいその日がお出かけ日和 #1「始まりは車遊びと共に」,sm43188975,2026-01-01 11:37:05,行きたいその日がお出かけ日和 #4「リベンジ・ODDR」,sm45791852
13182081,及川うぐい,2023,2023-12-01 21:30:00,【結月ゆかり車載】ゆかりと本田さんの探検ツーリング　その１,sm43090853,2026-07-07 19:39:43,【GPS-Tracer】ゆかりと本田さんのアプリ説明Ver.2【新機能実装しました】,sm46521255
13779483,長フラ,2023,2023-02-04 21:12:02,【VOICEVOX車載】ほなどっかいこか（おさしみ天国・理想郷・湘南平新展望台・ゴリラ公園）,sm41748590,2026-08-06 20:27:44,【VOICEVOX車載】ほな1人でどっかいこか（福井の旅3日目）,sm46633807
16108079,PIXY,2023,2023-05-15 22:22:02,第2回ボイカーナ Trailer,sm42226047,2026-06-28 21:09:33,琴葉週末紀行#1　天下の険、函谷関物ならず,sm46489888
16237240,senta,2023,2023-04-06 22:14:02,気まぐれツーリング #1【VOICEVOX車載】,sm42045514,2025-11-23 08:37:04,気まぐれツーリング #33【VOICEVOX車載】,sm45653309
16399107,Scwimer＠ちゃぶ,2023,2023-09-22 22:10:03,オフ車が増えたので走りに行こう,sm42795525,2026-02-18 04:06:04,蹴り出して征け オフロードバイク日記 part2,sm45959997
16587582,Tone,2023,2023-04-04 17:42:02,【東北イタコ車載】スト日記Part1 （後山公園展望台）,sm42035444,2026-08-09 13:10:05,【VOICEROID車載】V-Tones Archives part 16(焙煎工房まめや倉敷珈琲）【弦巻マキ＆桜乃そら】,sm46645032
17164884,hiro-sam,2023,2023-02-26 21:18:02,【魂オリ祭さん】大阪府道30号を北東へ走ってみた【車載動画】,sm41854851,2026-07-07 00:00:00,【シンプル車載動画投稿祭2026】あじさい曼荼羅園（上富田町）【ギャルゲ車載】,sm46520289
17184539,ミツバ,2023,2023-05-28 20:41:02,雨晴はうのドライブ　鍋島町～武雄市　佐賀県立宇宙科学館　,sm42279549,2026-08-10 12:31:13,雨晴はうのドライブ　福岡　大牟田市動物園,sm46649082
20099139,ななろく,2023,2023-07-14 20:00:00,【シンプル車載動画投稿祭】りっかの四駆群馬散歩 榛名湖→四万編,sm42479589,2026-08-06 18:05:00,【そうだ、避暑しよう】北海道東北ツーリング①【群馬→小樽】,sm46631993
21203543,ふるーちぇ,2023,2023-07-17 16:00:00,【シンプル車載動画投稿祭】昭和98年7月17日 いただきマンモス！きりたんとさわやかにレッツ・ゴー★,sm42495500,2026-08-14 19:00:00,シンセV千冬をお迎えしたので歌ってもらう車載動画【雑談車載】【VOICEROID車載】,sm46664959
26847752,ショコラ,2023,2023-09-19 18:00:00,ゆかりさん仕事を辞めたので北へ行く 0日目,sm42782161,2026-03-20 21:00:00,ゆかりさん仕事を辞めたので北へ行く 6日目,sm46078361
27195384,レイ,2023,2023-06-01 18:00:00,目的地はどちらですか？第一話「納車/バイク神社」,sm42293675,2026-07-07 00:00:00,【ソフトウェアトーク車載】しょうゆパークを覗いてきました【シンプル車載動画投稿祭2026】,sm46515665
28366432,googu01,2023,2023-12-08 20:37:02,イタコのへっぽこ釣り日記　仙台2023　番外編,sm43121236,2026-05-12 21:26:04,東北姉妹と同居人！！（仮）＃28　皆でお出かけイン四国！！後編,sm46302391
29795315,Svarug,2023,2023-08-02 00:27:02,【VMAX-1200】のんびり行きたいツーリング Part Null,sm42561141,2026-08-09 09:57:09,【CeVIO車載】最南端目指して_Day1【VMAX1700】,sm46644358
30151602,泥巴　＃ボイスロイド動画投稿,2023,2023-03-18 22:52:02,「海外車載」車齢20年トヨタでも車検できる？[東北ずん子],sm41952521,2026-07-16 02:49:47,「海外車載」即☆逮☆捕w　＃東北きりたん　2分車載,sm46553549
31607123,粗製のデラスケス,2023,2023-07-06 22:21:02,【シンプル車載動画投稿祭】小春立花が行く旅ツーリング　小河内ダム編,sm42449008,2026-07-17 12:00:00,そら旅！新城探訪編　with V-Strom250【シンプル車載動画投稿祭】【桜乃そら車載】,sm46554287
34122498,島ひじき,2023,2023-03-04 19:00:00,【車載】ド田舎、険道、ボイボ、滝【相坂トンネル】,sm41878580,2026-07-22 22:53:55,【来果車載】来果晴れ！-LIKEA BULLET!- #003,sm46579131
36263938,Lautoka,2023,2023-03-29 17:31:03,【ロードバイク車載】ゆかりとロードで北九州空港へ行こう！#1【コメ返しも】【結月ゆかり】,sm42006426,2026-05-09 18:10:00,【A.I.VOICE旅行】絶景とグルメを求めアイスランドへ！,sm46288291
38396029,(゜Д゜)@くーてん,2023,2023-06-08 21:00:00,【VOICEROID車載】百合とクルマと雲海と【西伊豆スカイライン】,sm42324611,2026-02-11 20:46:04,ゆかりとマキの、新たな車【GRヤリス 納車動画】,sm45935587
45841686,とくちぬ,2023,2023-07-16 18:05:03,【シンプル車載動画投稿祭】調布飛行場の掩体壕,sm42491631,2026-08-06 11:35:00,V-Strom250 新東名で爆走,sm46630939
46942440,だすちるい,2023,2023-10-14 08:48:02,【日帰り旅行祭2023】琴葉姉妹のぶっつけ日帰り旅行inハウステンボス,sm42885129,2026-01-03 00:43:03,琴葉姉妹のぶっつけ??初心者ツーリング　withエリミネーター400SE【広島/福山・神石高原】,sm45797341
51304264,たのしいアップル,2023,2023-04-14 20:45:04,【VOICEROID車載】どこか遠くまで！浄土ヶ浜・本州最東端ツアー,sm42080758,2026-07-20 22:15:57,【シンプル車載動画投稿祭】紡乃世が三分だべるだけin瀬戸内のどっか,sm46572358
57379053,泊地提督,2023,2023-09-29 00:11:02,東北イタコの小ドライブ,sm42820525,2026-06-20 13:16:47,マスターの衝動ドライブ [首都高ドライブ] part 2,sm46456279
61981359,ミツバチ,2023,2023-10-12 16:00:00,アイドルの休日に密着！山寺登山と温泉と・・,sm42877381,2026-08-02 11:00:00,『音街ウナ誕生祭』リベンジゆず庵！ウナピしゃぶしゃぶ！！【ウナつい】,sm46617144
65835007,ミルトト,2023,2023-08-25 16:33:03,ショタケモのチャリで来た Part01 ～ ロードバイクはじめました！【VOICEROID車載】,sm42670107,2026-07-12 12:46:02,【シンプル車載動画投稿祭】ウナさんぽ。ちょっくらバーガー食べてくる！【音街ウナ】,sm46540078
66364556,タメナ,2023,2023-10-20 19:30:00,Chu！朝イチ山中湖サイクルしてごめん【ゆかりの夏休み】,sm42915010,2026-05-19 18:00:00,戻れなくてももういいの｜バイクと俳句旅。,sm46328073
73553122,チセ,2023,2023-02-26 08:22:02,虚音のゆる旅　＃0/市川動植物園,sm41851184,2026-03-26 18:06:04,【手抜き車載祭】若葉マークにいきなり高速を運転させるな,sm46098513
74514002,かしみや,2023,2023-06-01 00:36:04,【静岡】久能山東照宮　1159段石段チャレンジ【オリキャラ車載】,sm42293501,2026-08-04 17:17:00,【北九州にも都市高速はある】国道199号 北九州市門司区 → 八幡西区【アリアルさんと国道走破】,sm46625300
81333594,榎木 ねずみ,2023,2023-02-26 15:39:03,VOICEROID車載動画を始めたいから予告動画作ってみた,sm41852865,2026-07-07 19:00:00,最難関投稿祭から逃げ出した素人初心者一般投稿主【シンプル車載動画投稿祭2026】,sm46502269
86851445,しゃーろっと,2023,2023-03-02 08:00:00,祝うのが下手なOИEちゃんが祝われるのが苦手な千冬ちゃんを連れ出して祝うお話【花隈千冬誕生祭】,sm41869865,2026-03-27 05:00:00,団子と新車で唯世誕！！！,sm46099144
93399112,ももはの,2023,2023-10-02 18:00:00,【ソフトウェアトーク車載】ホルモンうどんを食べに行く,sm42835576,2026-07-20 23:51:07,【シンプル車載動画投稿祭】犬吠埼灯台へ行く,sm46572834
93656714,らんななっつ,2023,2023-07-05 19:00:00,てきとー車載　ＬＲＴの線路沿いを走ります　前編【VOICEROID車載 】,sm42443962,2026-07-21 19:00:00,【栃木の道の駅全制覇】道の駅 きつれがわ　に行ってきました 前編【VOICEROID車載】,sm46574607
95663934,N4NO,2023,2023-08-13 22:07:03,ゆづきずきまぐれ旅行記～海老名→海ほたる～【VOICEROID車載】,sm42618922,2025-11-13 20:02:00,【VOICEROID車載旅行】北海道ほぼ一周旅行・急【月乃雫写真館】,sm45619496
96044342,しょーさ,2023,2023-09-10 12:10:03,【復刻塗装】アポロ色の6000系出発式に行ってきた！【西尾市政70周年記念】【VOICEVOX】,sm42742594,2026-06-06 18:06:00,【第3回ナイスビュー投稿祭】六花さんが南知多に海を見に行くだけ【ローなテンションの六花さん】,sm46363070
96453860,歩＆みおトラベル,2023,2023-08-26 20:32:02,【巨大なダム】立山黒部アルペンルート　前編,sm42676023,2025-11-09 20:09:04,【白馬まで短縮！】大糸線あずさ5号旅【歩とみおの旅日記】,sm45607630
97814997,みずに,2023,2023-10-06 22:28:02,【VOICEROID車載】旅ノ香リ　「あっち食って、こっち行って」,sm42853872,2026-04-18 22:31:05,お前、動画投稿してない間に乗り換えとったんか！？[一年半の長期インプレ動画],sm46192899
97911240,仮の人,2023,2023-05-21 16:15:02,【決意表明】 福島県から日本一周 ！,sm42249467,2026-05-06 18:00:00,【バイク旅|Z250】福島県から分割日本一周 ！Phase.23 【九州・沖縄編】,sm46274524
115964000,ヨシゴイ,2023,2023-08-14 20:51:02,【VOICEROID車載】埼玉ギャルと寄り道ドライブ #1,sm42622913,2026-03-21 03:30:04,【VOICEROID車載】埼玉ギャルと寄り道ドライブ #4.5,sm46079720
117240278,エソ@est,2023,2023-07-08 07:00:00,【シンプル車載動画投稿祭】自転車車載Trip01～彌彦神社と菊と～,sm42455456,2025-12-06 02:30:00,きりたんCRANK UP！初のオフロード！？松伏シクロクロス2025,sm45698836
117476167,セントホワイト,2023,2023-06-27 11:56:02,【チボラジッ！　リターンズ】富津公園・明治百年記念展望塔へ！,sm42407515,2026-07-20 11:15:43,未知なるハンバーガーを腹に納めて【part23】,sm46569703
122034415,ウニロク,2023,2023-12-25 23:40:04,イタコとバイクと姉妹橋,sm43191952,2026-03-22 09:00:00,湾岸ヒメミコナイト 四国ランナー,sm46083402
124946032,旅するヒュッテ,2023,2023-04-07 18:49:02,【国道140号走破！】彩甲斐街道 秩父往還 国道140号を走る【CeVIO車載】,sm42048486,2025-09-02 17:05:08,【能登半島一周旅行】#7（fin）白米千枚田を訪問【CeVIO旅行】,sm45364007
125941402,ユキヤ,2023,2023-01-14 19:17:02,【車載動画】引きこもりオタクですがツーリングさせてください！【金沢八景編】,sm41648146,2026-08-11 20:38:17,【ニコニコ登山祭】引きこもりオタクですが登山させてください！【榛名富士編】,sm46655045
126400489,く～れい（ゆ～れい）,2023,2023-02-13 01:44:02,衝動に駆られたずんだもんと行く年末根室ドライブ＋a,sm41789222,2026-06-04 19:00:00,新しい旧いバイク、納車しました【何はなくとも走りましょう。】,sm46392400
126804258,あわのかみ,2023,2023-07-14 18:11:02,あかりたび！ 第2話 カワサキVERSYS-X 250で愛知県→関東へ　スカイスパYOKOHAMA＆スコープドッグ＆ラーメン二郎府中店【VOICEROID旅行】,sm42481691,2026-04-05 20:00:00,これがリアルな戦国時代の山城だ！！『足助城(真弓山城)』愛知県豊田市【城郭登城祭第三陣】,sm46134699
127239433,クマリン,2023,2023-08-09 17:00:00,夏色花梨とムチポタ～手賀沼サイクリングロード編～,sm42596340,2025-09-09 00:00:00,夏色花梨のムチポタ~新シリーズ！? 久しぶりのグルメポタ~,sm45352414
127388388,ゆっくりステンレス,2023,2023-10-08 15:34:02,ゆっくり車掌　廃線サイクリング①　山形交通高畠線,sm42860879,2025-12-09 01:05:00,#ゆっくり車掌 #十和田観光電鉄 #十和田市 → #三沢 #廃線サイクリング,sm45708544
128821279,小川,2023,2023-04-10 18:42:02,【ボイロ留学Vlog】羽田→？？に出発？！【東北きりたん】,sm42063551,2026-01-13 16:14:04,【椅子40時間】深圳→チチハルを在来線で移動してみた【VOICEROID旅行】,sm45831662
129001757,超ローカルお散歩,2023,2023-05-17 10:16:02,結月ゆかりの「鴻巣市下谷・常光・桶川市圏央道・赤堀川」お散歩,sm42231717,2026-08-13 03:41:42,行田タワー田んぼアート2026　MINECRAFT,sm46660606
129241674,ぱん粉,2023,2023-09-23 18:14:02,【袖ヶ浦海浜公園】ツーリングにいくのだ #1,sm42797579,2026-07-11 18:00:00,四日市の工場夜景を撮りに行く雪さん【シンプル車載動画投稿祭】,sm46536560
129350851,たぃやき,2023,2023-07-08 20:15:02,【VOICEROID車載】こんなドライブでいいよね？　幸手権現堂の紫陽花（紲星あかり車載）,sm42458356,2026-03-08 12:24:04,こんなドライブでいいよね？　日帰り喜多方ラーメン編2026【日帰り旅行祭】,sm46035187
129697889,すもび,2023,2023-09-04 21:00:00,【voiceroid写真旅】ゆかりさんのフォトラベル　＃０４【信州】,sm42716986,2026-03-19 19:00:00,手抜き旅 in 北海道,sm46067814
129853819,いざえもん,2023,2023-07-16 20:42:03,【シンプル車載動画投稿祭】富士スバルラインへ行きました！【VOICEROID車載】,sm42492413,2026-07-20 18:30:00,【シンプル車載動画投稿祭】ヤビツ峠に行ってみよう！,sm46571071
130362468,作木 響太郎,2023,2023-08-27 03:09:02,【VOICEROID車載】もう一度あの場所へ Revision 0.1 - コロナが治ったのでリハビリに行ってきた・前編 -,sm42677510,2026-07-20 23:59:00,【シンプル車載動画投稿祭】ずんだもんとソフトクリーム【VoiceVox車載】,sm46571699
130380191,山上りすこ,2023,2023-09-15 18:00:00,どうして富士山に登るために富士山に登る必要があるんですか？【徒然おとまちwithとーほく】,sm42763455,2026-08-14 18:00:00,ばんえい競馬で巻き返しを図りました【北海道旅その７】,sm46615579
131398302,やみの,2023,2023-12-02 20:10:03,あかあか旅日記「彦根ツーリング編」【VOICEROID車載】,sm43097200,2026-08-14 19:00:00,あかあか旅日記「伊豆ツーリング（前編）」【VOICEROID車載】,sm46666827
131612171,末代,2023,2023-12-25 23:33:02,レトロ自販機往訪 その１,sm43191921,2025-12-04 23:41:05,レトロ自販機往訪 その21,sm45695186
131645849,μ（ミュー）,2023,2023-12-27 21:44:02,青空を探して➀（大洗～笠間）,sm43196111,2026-01-28 19:00:00,青空を探して⑰（北海道ツーリング５）,sm45880031
97427,ぶらうにー@みりあ,2025,2025-08-24 23:04:04,【A.I.VOICE車載】くるまではしる。＠神戸市須磨区【夜語トバリ】,sm45333566,2025-08-24 23:04:04,【A.I.VOICE車載】くるまではしる。＠神戸市須磨区【夜語トバリ】,sm45333566
176554,カレント,2025,2025-04-07 19:27:04,GSファンライドに行った話,sm44853711,2026-07-26 21:49:16,GS FUN RIDEに行った話,sm46593909
238298,Makoto,2025,2025-02-26 18:00:00,2017-2018 北海道年越しドライブ part1【VOICEROID車載】【ソフトウェアトーク車載】,sm44699968,2026-07-05 19:12:49,【ソフトウェアトーク車載】2024北海道キャンプ旅 ～神々の遊ぶ庭～【ソフトウェアトーク登山】,sm46516173
326181,沢渡かすが,2025,2025-02-17 22:17:00,【ついなちゃん車載】国道217号走破に付き合わされるついなちゃん,sm44662127,2026-07-17 22:17:00,【ついなちゃん車載】津軽岩木スカイラインの紹介に挑戦するついなちゃん【シンプル車載動画投稿祭2026】,sm46556813
359726,Ganaha Chan,2025,2025-08-24 03:01:04,【富山県】美しすぎる魚津の水【北陸イタコのB級グルメ旅】,sm45329697,2025-11-23 00:33:04,【富山県】赤い色のラーメン…ヤツだ、ヤツが来たんだ【北陸イタコのB級グルメ旅】,sm45653653
513789,佐久ハラミ,2025,2025-12-07 00:00:00,【例のアレ投稿祭】琴詠ニアさんと行く例のアレのお店【こうめ家】,sm45699896,2026-06-05 18:00:00,【琴詠ニア新規立ち絵記念投稿祭2026夏】琴詠ニアさんと行く温泉【エミナース温泉 七福の湯】,sm46387959
555897,くまの,2025,2025-03-15 12:42:03,琴葉つーりんぐ！！　納車編　【Eliminator】,sm44763928,2026-05-23 00:00:00,【ぬいぐるみ旅行祭】琴葉つーりんぐ！！あしかがフラワーパーク,sm46340924
760860,esk,2025,2025-07-19 05:47:03,対馬の海中鳥居,sm45201226,2026-07-20 09:02:32,ちょうじゃばる【シンプル車載動画投稿祭2026】,sm46569389
784610,かずわん,2025,2025-01-26 10:23:02,【車載動画】初投稿テスト,sm44579940,2026-07-20 19:00:00,【シンプル車載投稿祭2026】おうどんアテンド,sm46570169
1077366,ケイリアン,2025,2025-11-20 21:27:03,北海道東部登山紀行　羅臼岳、斜里岳、雄阿寒岳　1日目 準備編,sm45645959,2025-11-20 21:27:03,北海道東部登山紀行　羅臼岳、斜里岳、雄阿寒岳　1日目 準備編,sm45645959
1289347,Fortran,2025,2025-10-13 18:00:00,【離島旅行祭2025】小春六花と波照間サイクリング【夏休み旅行祭】,sm45508199,2025-10-13 18:00:00,【離島旅行祭2025】小春六花と波照間サイクリング【夏休み旅行祭】,sm45508199
1464145,とばないとり,2025,2025-02-23 02:34:04,初バイク車載動画で六甲山,sm44688033,2026-03-21 17:00:00,【手抜き車載祭】ビワイチ進捗報告【VOICEROID車載】,sm46081367
1490062,たくあん,2025,2025-03-30 09:39:03,しずおかラーメン奇行＃１　ラーメンこころ編,sm44822991,2025-08-27 21:00:00,しずおかラーメン奇行＃2　豚そば金龍編,sm45340778
1704493,神若カルモ,2025,2025-08-09 16:14:03,#0 コレカラ ユニバへ（道中カメラテスト）編【2025初投稿動画祭】,sm45271400,2026-07-17 10:00:00,面白い自販機を求めて【宮舞モカ投稿祭夏】,ss46448655
1724860,ろーくん,2025,2025-08-23 17:22:04,【2025初投稿動画祭】北海道広すぎぃ！！【VOICEROID車載】,sm45327373,2026-07-20 18:16:24,【シンプル車載動画投稿祭2026】洞爺湖一周ツーリング,sm46571111
2000605,Yuu,2025,2025-12-30 18:40:04,【VOICEROID旅行】琴葉姉妹の気ままなキャンピングカー旅 静岡編ー前編ー,sm45783684,2026-07-24 20:00:00,【VOICEROID旅行】琴葉姉妹の気ままなキャンピングカー旅 静岡編ー後編ー,sm46582674
2110833,eboshi,2025,2025-08-10 08:00:00,しろたんと行く　道の駅新駅巡り２０２５年夏　その１,sm45274099,2026-07-27 21:01:12,しろたんと行く　道の駅巡り２０２６年夏　その４,sm46596960
2540991,あみじゃかん,2025,2025-11-14 23:04:04,放射線治療受けた話【ソフトウェアトーク車載】,sm45624930,2026-03-15 17:04:03,春野にサッカー観に行ったよ【手抜き車載祭】,sm46061411
2544284,ぷれいあ,2025,2025-03-25 18:30:00,テスト＆練習(車載動画),sm44805111,2026-06-08 17:00:00,第7回ボイカーナに参加しよう！,sm46409485
2708220,かめじろー,2025,2025-05-18 17:18:04,ちょいとお魚釣り番外編,sm44996409,2026-08-14 14:17:30,ちょいとおバイク,sm46666737
3098460,yamakiyo,2025,2025-02-02 14:33:03,波音リツのきまぐれツーリング,sm44605270,2026-06-24 23:50:54,波音リツきまぐれツーリング：砂師オフロードパーク,sm46473979
3610029,H2O,2025,2025-04-19 19:53:03,KANAねぇの北海道さんぽ【京極町ふきだし公園】,sm44893474,2026-08-02 13:30:12,KANAねぇの北海道さんぽ【ニセコパノラマライン】,sm46617732
4706072,Maxirow(真木シロウ),2025,2025-02-16 21:00:00,ゆにおね紀行 #8.5 番外編【CeVIO車載】,sm44658415,2026-08-11 19:00:00,ゆにおね紀行#25（終）命という名の冒険【CeVIO車載】,sm46645102
4730287,影月,2025,2025-07-21 17:36:04,【シンプル車載動画投稿祭】あのそらにあいたくて～そらさんのソロツー～,sm45210357,2026-06-24 19:02:39,あのそらにあいたくて～在りし日の影～Part３,sm46472877
5671525,らっきょ,2025,2025-08-09 18:39:04,【Voltyでﾄｺﾄｺﾂｰ】隣町のコンビニにアイス買いに行くだけ【VOICEVOX車載】,sm45272265,2026-08-09 09:00:00,早朝秋口ツーリング ～コンビニと峠道と～ CV：花隈千冬,sm46644064
5992924,ホオズキ,2025,2025-07-31 19:00:00,ペーパードライバー詞音ちゃん,sm45237770,2026-08-07 18:00:00,【福井県】彩澄姉妹の夏休み観光スポット【三方五湖】,sm46634493
6110507,黒衣＠激流を制するは聖水,2025,2025-11-05 19:19:00,【VOICEROID車載＆フィッシング】初心者釣り師　弦巻マキの食材調達日記＠第壱話,sm45592035,2025-11-05 19:19:00,【VOICEROID車載＆フィッシング】初心者釣り師　弦巻マキの食材調達日記＠第壱話,sm45592035
6403002,アキバ,2025,2025-09-07 07:00:00,【自転車車載動画】早朝ゆるポタで朝の空気を堪能する,sm45377592,2026-04-25 00:00:00,【25動グループフェス】初めてクルマ買った日の足跡をたどる【車載動画】,sm46201634
6935264,きょー,2025,2025-07-20 15:31:03,四国東部探索委員会(仮)報告書No.01-津田の松原SA【シンプル車載動画投稿祭】,sm45205891,2026-07-21 00:15:36,四国東部探索委員会(仮)報告書No.02-大串自然公園【シンプル車載動画投稿祭】,sm46572902
8973727,ゲーミングさよち,2025,2025-11-17 20:50:04,ビーナスラインツーリング｜バーグマン200で冬枯れの草原をのんびり走る【VOICEROID車載】,sm45635930,2025-11-17 20:50:04,ビーナスラインツーリング｜バーグマン200で冬枯れの草原をのんびり走る【VOICEROID車載】,sm45635930
9041918,KoKoDoKo,2025,2025-06-15 20:07:03,【A.I.VOICE】若松のバラ園散策【ガイノイド flower】,sm45090969,2026-01-01 01:11:04,【ソフトウェアトーク車載】散策 秋空とコスモスに（三光コスモス祭）【ガイノイドflower】,sm45790727
9956529,夢咲星,2025,2025-08-26 21:36:05,【ひとり、彷徨う】北海道勇払郡むかわ町穂別,sm45339705,2026-06-18 07:08:38,【シビック e:HEV】旭川地方裁判所へ向かう(旭川女子高生殺害事件、裁判傍聴抽選),sm46447850
10300621,雨村くろねこ,2025,2025-08-10 20:00:00,【結月ゆかり車載】今日はどこに？四国カルスト【2025初投稿動画祭・ボイスソフト自作立ち絵投稿祭】,sm45276186,2026-07-20 17:30:00,【結月ゆかり車載】今日はどこに？ディーラーから帰り【シンプル車載動画投稿祭2026】,sm46570583
10396859,ぶるみん,2025,2025-11-28 21:17:03,【Ninja250】紅葉のトンネルと絶品ビーフシチュー！秋の信州満喫ツーリング【VOICEROID車載】,sm45674040,2026-08-10 20:00:00,ZX-4Rで峠を通って鹿肉を食べに行く【VOICEROID車載】,sm46647949
10825257,Multani Maro,2025,2025-08-31 02:52:03,【第三回ニコニコラーメン祭】Ｂ級グルメを食べに行こう,sm45355135,2025-08-31 02:52:03,【第三回ニコニコラーメン祭】Ｂ級グルメを食べに行こう,sm45355135
11698759,5時の影,2025,2025-03-15 15:18:03,【宮舞モカ車載】モカのスカイライン「#01　海ほたるの夜景を見に行こう」,sm44763828,2026-08-08 20:00:00,モカちふDiary｜7頁目　北の大地へ【花隈千冬投稿祭2026夏】,sm46615013
12322996,暮瀬,2025,2025-08-24 18:00:00,【ギャルゲ車載動画投稿祭】おつかい、おでかけ、2人の夏【彩澄しゅお】,sm45329348,2025-08-24 18:00:00,【ギャルゲ車載動画投稿祭】おつかい、おでかけ、2人の夏【彩澄しゅお】,sm45329348
12957897,しのぶ,2025,2025-03-20 23:34:04,[愛車紹介祭2025]誰(た)がその道を征く！？#1～はじめまして～,sm44788340,2026-04-25 23:44:04,アドべ乗りの追憶#1　コマ練 origin,sm46228116
13188226,オボチ,2025,2025-06-14 00:43:04,オボチのボッチなツーリング日記Part.5　～蔵王～,sm45085316,2026-08-02 19:47:38,【小春六花車載】&quot;日&quot;&quot;本&quot;&quot;一&quot;&quot;周&quot;含む市町村の旅 with 北海道ツーリング ～ニセコ・札幌～,sm46619340
13902468,さかなさん,2025,2025-07-30 22:59:04,おさかなつーりんぐ①,sm45240419,2026-08-07 15:14:01,あかねちゃんのひとりごと５３,sm46636719
14552639,シーラ,2025,2025-11-25 18:00:00,【群馬旅行祭2025】前橋ウィッチーズ商店街イベントに行ってきたよ！【春日部つむぎ】,sm45662083,2026-02-09 12:00:00,【#前橋ウィッチーズ】#エモエモMAX赤城山　でパーク＆ライドでウェイのウェイ、やろうよ【春日部つむぎ】,sm45926377
14919484,Kaitetsu Ser5700,2025,2025-08-19 20:00:00,【浜松市を】ぐるっと一周してみた！ PART1,sm45305913,2026-06-30 23:49:33,【飯田市を】ぐるっと一周してみた！ PART2,sm46498166
15159541,とえ,2025,2025-08-23 22:41:03,ゲームコルソ高崎店・ドライブイン七輿,sm45328984,2025-09-11 20:11:04,SAITO石上店とオートレストラン２４矢板中店と,sm45393635
15285385,総排出腔,2025,2025-08-01 07:13:04,【初投稿】オフオフ会 in 広島(テージャスランチ)2025,sm45244606,2026-04-07 21:11:04,第2回ダープラエンデューロごっこ【関西しのび車載】,sm46141878
15584346,またたび,2025,2025-12-31 12:56:03,出不精でも旅がしたい　1旅目「さて、と。帰るか」【VOICEROID車載】,sm45786741,2026-06-01 02:37:04,【VOICEROID旅行】出不精でも旅がしたい　3旅目前編「好き勝手していいってことだー！」,sm46381328
16224241,エーミール,2025,2025-09-01 00:03:04,【VOICEROID車載】馬,sm45359223,2025-09-01 00:03:04,【VOICEROID車載】馬,sm45359223
16302989,いぐみり,2025,2025-01-13 11:59:03,【ボイスロイド車載】道の駅　グランテラス筑西に行ってみた！ 【ALTO ターボRS POV視点】【琴葉葵】,sm44533678,2025-11-02 12:00:00,【VOICEROID車載】わざわざ宇都宮まで散髪しにいく回【アルトターボRS】,sm45581266
16501243,まほっち,2025,2025-04-29 22:31:04,【VOICEROID車載】僕らは新たな大地にあこがれて第1話,sm44929783,2026-07-26 20:30:00,【ゆづきず旅物語】オープニング改,sm46593348
17639880,ちゃそ,2025,2025-11-26 19:00:00,東京観光２,sm45658870,2026-01-21 18:00:00,東京観光Part5,sm45803533
18952620,芳乃ゆうき,2025,2025-11-03 22:01:04,ウラルが家に着くまで【VOICEVOX車載】,sm45587625,2026-07-07 17:00:00,【シンプル車載動画投稿祭】ラピスラズリを見に行こう【VOICEVOX車載】,sm46494396
19898069,Tommy_Nightmare,2025,2025-08-20 00:00:00,大人の自販機を見に行こう！,sm45307801,2025-08-20 00:00:00,大人の自販機を見に行こう！,sm45307801
20239617,daison,2025,2025-05-29 17:16:08,【WhiteCUL車載】海鮮丼を食べ損ねた飼い主【dax125】,sm45032894,2026-07-16 17:00:00,【小春六花車載】首都高夜ツーを背景にコメントありがとうを伝える,sm46553640
20305531,次男坊,2025,2025-09-01 19:00:00,タコ姉ときりたんのドタバタドライブ（日之影、高千穂町）,sm45359955,2025-09-01 19:00:00,タコ姉ときりたんのドタバタドライブ（日之影、高千穂町）,sm45359955
21696810,観月,2025,2025-08-22 06:00:00,【琴葉姉妹車載】ただ海を見に行くだけ【2025初投稿動画祭】,sm45318644,2026-07-20 22:45:00,【シンプル車載動画投稿祭2026】紫陽花を見に行くだけ,sm46572481
21878069,Mina Elwen,2025,2025-08-17 22:50:05,橙のきままに　#0 Lake Haruna.,sm45301995,2026-07-08 21:13:50,橙のきままに　#6 Weekend Day trip drive. Going to Niigata Ⅱ,sm46527515
23082582,マシュー,2025,2025-12-27 09:30:00,【ボイロ車載】初投稿！納車から1年、現代のカフェレーサーをレビュー【スラクストンRS】,sm45768009,2025-12-27 09:30:00,【ボイロ車載】初投稿！納車から1年、現代のカフェレーサーをレビュー【スラクストンRS】,sm45768009
23413176,でんたん,2025,2025-11-20 20:00:00,アトレーに2年半乗ってみて,sm45644931,2026-05-13 18:12:24,ひきこもりの運動不足が行く浄土平観光,sm46304288
24259826,エドデス,2025,2025-08-09 00:00:00,【VOICEROID車載】碓氷峠に行くで！【2025初投稿動画祭】,sm45269090,2026-07-20 18:27:23,【2026初投稿応援祭】動画を面白くしたいならコメントをもらおう!!!,sm46571168
24869780,村長,2025,2025-04-29 13:02:03,【結月ゆかり車載】村長の旅日記 おいら車載主になるポン～沈下橋見て帰ってくる、それだけだ～day1_part1,sm44927695,2026-03-01 08:36:04,【結月ゆかり車載】村長の旅日記 おいら車載主になるポン～沈下橋見て帰ってくる、それだけだ～day2_part5(Final),sm46006924
26288758,ぶち,2025,2025-08-25 01:12:03,【モトブログ】本州から北海道が見える！青森 龍飛崎ツーリング【ナースロボ】,sm45334133,2026-08-15 18:15:00,【ナースロボ車載】初関西ツー！ハスクバーナFIKAミーティング -MT後日編- (Day3/3E)【春日部つむぎ】,sm46666577
26927419,頼朝,2025,2025-02-04 01:03:03,会社を辞めて日本一周～そうだ日本を知ろう～part03,sm44610257,2026-07-30 17:30:00,【第3回 ニコニコダム祭り】放流を見に行こう！温井ダム,sm46604242
27116524,三日月,2025,2025-11-22 14:21:03,V-LogしたかったそらちゃんのNeed For Speed Heat【VOICELOID実況】,sm45649079,2025-11-22 14:21:03,V-LogしたかったそらちゃんのNeed For Speed Heat【VOICELOID実況】,sm45649079
27308717,みくじv,2025,2025-10-27 12:41:04,【フラット林道】神奈川の短めピストン林道ツー【WhiteCUL】,sm45560630,2025-10-27 12:41:04,【フラット林道】神奈川の短めピストン林道ツー【WhiteCUL】,sm45560630
28844183,つくえ,2025,2025-03-23 16:27:04,メカニック・ひまり【水周り更新 後編】,sm44799394,2026-07-20 19:03:58,【シンプル車載動画投稿祭2026】何もしてないですね、走ってるだけです【空ふさがり】,sm46571379
29437988,五式,2025,2025-12-23 18:40:04,突発性ゆるふわ冬宗谷ツーリング2024～2025 その1,sm45757404,2025-12-23 18:40:04,突発性ゆるふわ冬宗谷ツーリング2024～2025 その1,sm45757404
29902999,BUFF,2025,2025-09-02 16:00:00,【VOICELOID車載】旅するあかりちゃん 2025紀伊半島編 part1,sm45359183,2026-04-05 10:00:00,【VOICEROID車載】旅するあかりちゃん 2025GW北海道編 part2 霧多布～川湯温泉,sm46131751
30551303,あずさ,2025,2025-09-06 19:00:00,【第三回ニコニコラーメン祭】福岡・あっさり豚骨ラーメン【東北きりたん】,sm45370089,2025-09-06 19:00:00,【第三回ニコニコラーメン祭】福岡・あっさり豚骨ラーメン【東北きりたん】,sm45370089
30818455,アクロ,2025,2025-06-27 14:10:05,【オフ会動画】モブなりのキャンプー 前編,sm45128249,2025-11-10 17:36:04,【佐世保オフ会動画】続・陰キャくんの冒険　後編,sm45610426
31226252,slave,2025,2025-04-13 16:08:04,ふらふらフォトライフ#5　権現堂公園,sm44873080,2026-07-20 13:56:13,【シンプル車載動画投稿祭2026】クラシックカーと冷たいまぜそば,sm46570130
31234342,スマル,2025,2025-02-11 16:11:04,初めての車載動画～TTと行くゆるゆるツーリング～#1　城ヶ島公園,sm44637665,2026-08-12 17:00:00,【YZF-R3】ちょっと群馬マスツー,sm46656913
31538487,Giraffe Beer,2025,2025-11-21 02:14:03,【群馬旅行祭2025】2ストぺちぺち葵ちゃん【ボイロ車載】,sm45646910,2026-05-30 20:00:00,浅間に集まろう葵ちゃん【第101回アサマミーティング】,sm46373142
32358020,AL(アル),2025,2025-07-22 01:32:03,【CB250R】雪さんと行く日本一周 part XX【シンプル車載動画投稿祭】【遅刻】,sm45212090,2026-07-21 05:32:15,【レトロ自販機】ニャーがにゃがみ原と中古タイヤ市場を紹介していくにゃ【シンプル車載動画投稿祭】,sm46573401
32791445,家畜農家出荷場,2025,2025-10-15 18:35:04,【part5】北海道旅行2025～めっちゃソフト食べてあつめて～ゲームくりーむ,sm45518333,2025-11-10 18:59:04,【part6】北海道旅行2025～めっちゃソフト食べてあつめて～ゲームくりーむ,sm45610753
32913956,いちべえ,2025,2025-01-05 21:40:03,【VOICEVOX車載】春日部、バイク買ったってよ　GB350Cでいざ鎌倉！,sm44508139,2026-02-08 18:23:06,【VOICEVOX車載】春日部、バイク買ったってよ　GB350Cで下道ツーリング　往路編,sm45924382
33112689,コネコ神,2025,2025-12-05 21:15:00,【小春六花車載】旅する娘の旅行日記　#0 旅立ちと御前崎【初投稿】,sm45697009,2026-03-27 19:00:00,【小春六花車載】旅する娘の旅行日記　#10 国道151号線と三遠南信自動車道,sm46093943
33404467,つられくまー,2025,2025-01-19 06:34:03,【自転車車載】花隈千冬と週末何してますか？　＃１　羽豆岬,sm44554956,2026-06-06 00:00:00,【バイク車載】花隈千冬と週末何してますか？2026GW編　＃3 田代島 松島,sm46392453
34232636,ゆんゆぐ＠歩く黒歴史,2025,2025-08-17 18:50:05,【VOICEROID車載】バイク車載の旅：身延編～テスト動画を添えて～【A.I.VOICE車載】,sm45301061,2026-06-13 14:29:00,【A.I.VOICE車載】バイク車載の旅in早川町編【単発】,sm46429502
34406405,SU-91M,2025,2025-04-04 19:15:04,【紲星あかり車載】Moto Days　-Day1-,sm44843072,2026-05-10 22:12:04,【紲星あかり車載】Moto Days -Day04-,sm46294664
35044841,marutrium,2025,2025-07-22 19:00:00,宮舞が往く！上越夜桜ナイトクルーズ【VOICEPEAK車載】,sm45211625,2026-07-22 00:00:00,【宮舞モカ投稿祭2026夏】宮舞モカの初夏遊び「初夏と宮舞」〜動画投稿1周年記念作品〜,sm46575134
35498120,りくぞー,2025,2025-07-18 05:08:04,SV650Xで行く、2025年6月版北海道ツーリング【ソフトウェアトーク車載・小春六花】,sm45197851,2026-06-01 18:18:04,【第3回ナイスビュー投稿祭】GWの北海道は季節の変わり目、千歳～旭川・富良野で映える絵を探しに【ソフトウェアトーク旅行・小春六花】,sm46383331
37340767,とみすけ,2025,2025-11-10 22:24:04,【ASMR】S2000 峠ステッカーの旅① 奥多摩湖とのんびりドライブ（大麦代～道の駅こすげ編）【ずんだもん車載】,sm45611396,2026-01-27 21:46:04,【車載動画】頭文字D、聖地巡礼。碓氷峠（上り）をのんびりドライブ。【S2000峠ステッカーの旅】,sm45883052
38162897,ふわや,2025,2025-10-22 23:51:04,【夏休み旅行祭】岐阜県で3つのアニメの聖地巡礼旅行に行ってきた,sm45545081,2026-07-18 03:33:22,京都の名所を100か所巡って極めようと思う　Part1,sm46560764
40099680,まつ,2025,2025-10-26 07:00:00,【宮舞モカのゆるゆるツーリング】車載動画始めました！,sm45555296,2026-08-09 09:50:00,【宮舞モカの車載】宮舞モカの夏！,sm46644370
41558332,クレモ,2025,2025-11-18 17:32:04,千冬とバイクと雑談と#1【CeVIO車載】,sm45638472,2026-05-01 14:45:05,千冬とバイクと雑談と#19【CeVIO車載】,sm46252437
48034481,いんてぃあ,2025,2025-04-30 23:00:00,【紲星あかり車載】行こうか、いわきマリンタワー！,sm44933479,2025-08-24 23:00:00,【紲星あかり車載】行こうか、いわき震災伝承みらい館！,sm45333497
48992743,スグノハ,2025,2025-06-20 22:08:03,ゆるり雑談車載,sm45106712,2026-08-06 20:23:51,雑談車載「動画投稿の悩み」,sm46633776
49881038,noctua,2025,2025-11-16 20:41:06,【初投稿】【ソフトウェアトーク車載】琵琶湖ツーリング,sm45631947,2026-02-21 21:33:03,【YZF-R15】和歌山海岸ツーリング～白崎海洋公園へ【ソフトウェアトーク車載】,sm45977528
51256829,ヅケまぐろ,2025,2025-10-21 01:53:04,生存報告ついでに新潟と岐阜へ【CoeFont車載】,sm45539394,2025-10-21 01:53:04,生存報告ついでに新潟と岐阜へ【CoeFont車載】,sm45539394
53574483,ごぼしゃん号運転手,2025,2025-08-22 02:13:03,【車載実況】きりたんと行くドライブ2025　①おうちから名神・多賀SAまで,sm45318403,2025-08-27 10:09:03,【車載実況】きりたんと行くドライブ2025　③徳光PA～長岡市内,sm45341662
54550024,かき餅,2025,2025-07-16 18:00:00,【VOICEVOX車載】乗る。歩く。土地を知る。#1　岩戸山古墳編【春日部つむぎ】,sm45190870,2026-05-06 18:15:04,【VOICEVOX車載】乗る。歩く。土地を知る。#5　弘化谷古墳編【春日部つむぎ】,sm46276550
56039926,とるとら,2025,2025-01-05 00:16:04,車を使わずバ産地めぐり　三日目[1/4]『挑戦こそが人間の本質』,sm44504797,2025-12-26 16:40:00,花隈千冬の週末探訪 #1 「初冬、十勝、一人旅。」,sm45766460
56057662,ミラ次郎,2025,2025-06-21 20:00:00,小夜さんのレトロ自販機巡り 1日目,sm45109607,2026-08-12 20:00:00,小夜さんのレトロ自販機巡り 西日本:2026夏 1日目,sm46656905
56096466,Cipher@mm5,2025,2025-08-24 07:36:03,【ギャルゲ車載動画投稿祭】明日も君と、いつも通りの日常を【小春六花】,sm45330108,2025-08-24 07:36:03,【ギャルゲ車載動画投稿祭】明日も君と、いつも通りの日常を【小春六花】,sm45330108
56520685,四阿からす,2025,2025-05-09 19:00:00,【VOICEROID車載】ないとほーくす！　深夜徘徊ドライブ～羽生PA～,sm44963362,2026-07-15 21:00:00,【VOICEROID旅行】しゃちくのなつやすみ　～（ほぼ）九州1週の旅　Part12　～続・アウトロという名のエピローグ　地獄の1000キロ超の帰り道,sm46548544
65278092,ナラニアン,2025,2025-07-16 17:10:00,【宮舞モカのならポタ】亀の瀬・葡萄坂・大門ダム【シンプル車載動画投稿祭】,sm45193162,2026-07-20 10:00:00,【シンプル車載動画投稿祭】早春ビーナスぷちツーリング【宮舞モカ投稿祭夏】,sm46568405
66715845,椚平商店,2025,2025-06-02 06:37:03,くぬレコたーんと南紀ぐるりん旅　パート１　,sm45045604,2026-07-17 23:55:49,【シンプル車載動画投稿祭2026】レコのたーんと埼玉1位の巨木と沖縄のアイスを食べに行こう！の巻,sm46560241
70753841,ノーチ,2025,2025-08-20 19:02:00,ドタバタ青春北海道家族旅行！【CeVIO車載】,sm45311527,2025-08-20 19:02:00,ドタバタ青春北海道家族旅行！【CeVIO車載】,sm45311527
71739842,秋月,2025,2025-04-06 19:00:00,【東北きりたん車載】変態機動、少女を添えて　Part1 前編,sm44850584,2026-07-09 17:00:00,【投稿祭告知】長崎投稿祭を開催します,sm46528593
78458991,89Mo,2025,2025-07-21 12:00:00,【シンプル車載動画投稿祭2025】青山龍星の日々、Easy Go！ #2【VOICEROID車載】,sm45208346,2026-08-10 17:00:00,六花とつのふたみやの四方山漫遊記 #20-5【VOICEROID旅行】,sm46643469
78478255,響風ノ桜,2025,2025-10-01 05:40:00,「代行バス追いかけて楽しいのかい？」【ソフトウェアトーク車載/裏命】,sm45445461,2026-01-01 16:21:00,夜に出発して秋の高千穂にいこう【ソフトウェアトーク車載】,sm45780851
79475830,hiroチャンネル,2025,2025-04-12 12:48:04,【兵庫ドライブ旅】加古川線の今と幻の廃線跡をめぐる【VOICEVOX旅行・車載】,sm44868320,2026-03-16 17:22:04,【手抜き車載祭】兵庫県 西脇市,sm46064978
79640842,K区急,2025,2025-06-25 18:03:05,ずん子と機関車ベーカリー,sm45122911,2026-06-29 23:26:08,花隈千冬　異国で夜を更かす！！,sm46494349
80650667,ウミイヌ,2025,2025-10-05 23:00:00,初投稿なのでとりあえず愛車を紹介します,sm45481763,2026-08-05 18:00:00,今度こそ！津山城と飛龍の滝、そして靴デカの民。　～やっぱりおでかけ#11～,sm46626644
81447249,にわにわか,2025,2025-08-19 00:50:04,気ままにツーリング１,sm45305534,2025-08-19 00:50:04,気ままにツーリング１,sm45305534
85003236,暴力,2025,2025-05-05 22:34:04,【初投稿】車載動画に挑戦するずんだもん＠群馬【ボイロ車載】,sm44952442,2026-06-28 18:00:00,【真実】東京は群馬【関東×名道×感動祭】,sm46486187
85978501,ゆっくりヘイホー 日本一周,2025,2025-06-23 08:23:04,112 ラーメン食べ歩き日本一周2.5週目その４ 島根広島愛媛編,sm45115931,2026-08-07 12:51:10,散歩＋神社＋温泉＋ラーメン＋ラーメン 宮崎県西諸県郡高原町 #289  【四国めたん】,sm46636193
87052194,真夜中(まよなか),2025,2025-12-09 13:55:04,車載　テスト　蓮鬼ねむ,sm45710282,2026-04-03 10:28:03,中古タイヤ市場再訪　蓮鬼ねむ,sm46126281
87873429,Fu-46,2025,2025-11-09 10:00:00,【HRC GROM車載】FUN!RUN!DONE!（2/2）【鈴鹿ツインサーキット】,sm45604373,2026-05-06 19:00:00,【HRC GROM】FUN!RUN!DONE!【近畿スポーツランド】,sm46273596
88683039,ケースケ,2025,2025-08-30 21:00:00,【小春六花】四国一周してきた！！！一日目！！！！！,sm45354014,2025-08-30 21:00:00,【小春六花】四国一周してきた！！！一日目！！！！！,sm45354014
92587785,五月雨大好きとくめいきぼう,2025,2025-02-21 20:51:03,エクリプスクロスで行く、月食ちゃんと行く＃1いつもの帰り道,sm44675204,2026-07-20 21:59:25,エクロスで行く、つづみさんと行く#3　岡山中心部ドライブ2,sm46568541
96718349,わらびもち,2025,2025-01-10 18:10:03,走り初めロングライド！激坂ヒルクライム！？【VOICEVOX車載】,sm44520667,2025-09-15 11:37:04,多摩川サイクリング！Part3【VOICEVOX車載】,sm45405916
97198627,いちとよ a.k.a. 霞田祐作,2025,2025-09-24 19:00:00,【ソフトウェアトーク車載】ウナきりのミッドナイト？ドライブデート(マスター、東海へ帰る2),sm45436512,2026-06-01 19:00:00,【ソフトウェアトーク旅行・解説】東北ずん子スタンプラリー マイカー民向け回り方紹介動画(非公式、白石中心)+ついでにいかが？蔵王山&amp;遠刈田温泉,sm46381446
97295730,夏梅,2025,2025-08-30 23:40:04,【ソフトウェアトーク車載】春日部つむぎときりたんが征く 初マスツーリング,sm45354517,2025-10-13 17:30:00,【夏休み旅行祭】ビーナスラインへ！！【合成音声車載】,sm45508693
97379443,ゲスト,2025,2025-12-08 03:07:04,【例のアレ投稿祭】もかと｢納車｣と｢カルチャー焼き｣,sm45706728,2026-01-19 00:35:04,【神戸動画投稿祭2026】モカとONEともっこすと[遅刻],sm45852777
106193467,ゆきだるま,2025,2025-12-11 19:00:00,再走!!名古屋駅周辺徒歩観光観光！【徒歩旅行祭2025】【VOICEROID旅行】,sm45696228,2025-12-11 19:00:00,再走!!名古屋駅周辺徒歩観光観光！【徒歩旅行祭2025】【VOICEROID旅行】,sm45696228
117204848,なん,2025,2025-08-28 18:30:00,【ご当地サイダー投稿祭】宮舞、ご当地サイダーに初挑戦,sm45344309,2026-07-31 20:00:00,【第三回ニコニコダム祭り】荒川水系を束ねる156メートルの巨大要塞,sm46610262
117262015,美羽路,2025,2025-12-22 00:00:07,【VOICEPEAK車載】初旅動画！小春六花の休日ぶらり旅　宮城県岩沼市,sm45751926,2026-01-05 20:18:06,【VOICEPEAK車載】花隈千冬と湖を見に行こう！　秋田県仙北市,sm45806664
121748679,Yule（ユール),2025,2025-10-11 22:04:04,【VOICEROID車載】初めての車載動画！犬吠埼の灯台に登ろう,sm45501803,2026-08-03 16:00:00,【VOICEROID車載】山中湖畔で、ひたすらレブルくんの写真を撮り続ける動画。,sm46617324
123641049,みたろう,2025,2025-06-10 22:58:04,【激狭】かつて平安京の中央だった道、千本通を完走してみた【ソフトウェアトーク車載/解説】,sm45075940,2026-07-17 23:01:54,自転車が壊れたので買い替えました【シンプル車載動画投稿祭】,sm46560070
124430262,あやや,2025,2025-10-06 19:00:00,阿蘇山の絶景と絶品あか牛丼！【くまもと動画投稿祭】,sm45381383,2025-10-06 19:00:00,阿蘇山の絶景と絶品あか牛丼！【くまもと動画投稿祭】,sm45381383
124786017,ポン・ジョレイヌ,2025,2025-11-22 21:35:04,春日部つむぎ車載：自転車に乗ろうよオタク君（大阪滝畑ダム,sm45652510,2025-11-30 19:14:00,春日部つむぎ車載：自転車に乗ろうよオタク君（大阪堺浜,sm45680916
125398473,SKY-ALIEN,2025,2025-05-30 10:30:04,【ボイロ車載】ちょっと休憩…！ ～白糠 恋問館～,sm45035333,2026-03-03 23:24:04,滝！流氷！ゴジラ！ あとクラゲ…【日帰り旅行祭N2026】,sm46016656
125645694,しさか,2025,2025-09-30 07:53:04,CRM自己紹介動画,sm45462429,2025-10-20 01:01:03,第2回、乗り換えどーするよ。,sm45535946
128285602,薬袋,2025,2025-07-19 23:00:00,【シンプル車載動画投稿祭2025】助平屋饅頭 総本舗,sm45203762,2026-07-19 16:00:00,【シンプル車載動画投稿祭2026】深夜の坂東大橋を渡るだけ,sm46566387
129694996,そらまめ,2025,2025-04-27 06:27:04,花隈千冬の存在証明　年越し宗谷岬編＃１,sm44919387,2025-08-23 21:19:04,花隈千冬の存在証明　年越し宗谷岬編＃４,sm45326644
130986250,むねぞう【ずんだもんの食卓】,2025,2025-11-29 18:00:00,【ゆっくり解説】微妙シリーズからついに救済？業務スーパーのカラメルカスタード！,sm45676052,2025-11-29 18:00:00,【ゆっくり解説】微妙シリーズからついに救済？業務スーパーのカラメルカスタード！,sm45676052
131438364,かじまひろき,2025,2025-09-11 01:08:04,長野県木曽町開田から岐阜県高山市に入った途端除雪がされていなくなる,sm45391522,2025-09-11 01:08:04,長野県木曽町開田から岐阜県高山市に入った途端除雪がされていなくなる,sm45391522
132179206,ぎっちゃん,2025,2025-08-09 03:31:03,【ソフトウェアトーク車載】ツーリングは計画的に！Vol.1_これをアワイチと呼ぶべきか【2025初投稿動画祭】,sm45270325,2026-04-25 16:30:05,【ソフトウェアトーク車載】初投稿、それは思い出【25動グループフェス】,sm46225069
133163068,shino,2025,2025-09-06 22:13:04,標茶町 オーロラ温泉,sm45377870,2026-07-21 00:00:00,標津町 川北温泉,sm46537018
134014423,笹梛リア,2025,2025-07-19 20:24:04,【シンプル車載動画投稿祭2025】循環バスで巡る墨田区南部百景【ソフトウェアトーク旅行】,sm45203311,2026-07-11 17:46:30,【車内飯投稿祭】電車で食べる車内飯といえば……【東北イタコ】,sm46537328
134532929,ニューアベンジャー,2025,2025-08-11 20:29:03,【VOICEPEAK車載】函南町～熱海市 夜ドライブ,sm45279889,2026-07-18 18:00:00,【CB125R】甲府盆地ツーリング【VOICEROID車載】,sm46562518
135257299,からばこ,2025,2025-08-11 17:45:04,【VOICEVOX車載?】冥鳴の初夏,sm45278927,2025-08-29 23:12:04,【VOICEVOX車載】夏だ！海だ！バイクだ！！,sm45350668
135568909,ていく-おふ,2025,2025-04-25 22:30:00,初動画から祭に参加しちゃった動画,sm44914277,2026-04-30 08:00:00,今まで自己紹介してなかったって、マジですか！？【自己紹介祭】,sm46246272
135629683,TOUGAKU,2025,2025-08-21 00:00:00,【四国めたん誕生祭2025・初車載動画】めたんの雑談軽トラ車載ショート【VOICEVOX車載】,sm45311794,2026-04-07 19:00:00,【雑談車載】最近のお買い物【ひまりんのひまひま車載＃３】【VOICEVOX車載】,sm46141194
135942158,NANIWA-43,2025,2025-09-18 21:08:04,【エイプ100】大阪-九州ツーリング【VOICEROID車載】,sm45417279,2026-07-20 02:41:16,【エイプ100】初めてのキャンプツーリング！　【voiceroid車載】,sm46568838
135961388,ピジョクラ,2025,2025-08-25 13:16:58,【ジクサー150】茜ちゃんのツーリング日記　兵庫県長尾山(2025.8/18),sm45334496,2026-08-14 07:33:59,【ジクサー150】茜ちゃんのツーリング日記　大阪府チャーハンが美味しいラーメン屋編(2026.8/13),sm46665125
136877844,おかづ,2025,2025-08-30 21:02:04,CLくんと気ままにツーリング【宮舞モカ車載】,sm45353880,2026-07-12 00:05:42,CLくんとオフ走るだけ。【宮舞モカ】,sm46538745
137478304,ふわふわドラゴン,2025,2025-01-04 21:19:03,バイク雪さん　＃1,sm44503972,2026-06-07 10:00:00,バイクロボタイプT#1,sm46404859
137537207,秩父在住の人,2025,2025-01-11 18:29:03,＃1　三峰神社へツーリング【秩父在住ずんだもん】,sm44526985,2026-06-18 20:17:11,#30 蔵王や仙台をツーリング【秩父在住ずんだもん】,sm46446866
137543301,でんでんちゃん,2025,2025-06-27 18:33:04,【ロードバイク】小春六花と行く自己紹介！【ハマイチ】,sm45128946,2026-08-01 18:00:00,【ドカ雨パンク迷子】東へ走れ！ライドの不幸をすべて背負った東京自走ライド！【静岡→東京】,sm46613740
137870989,よしいえ,2025,2025-10-04 19:05:04,【宮舞モカ車載】北海道ポケふた制覇の旅　Day3　紋別～女満別,sm45477103,2025-10-04 19:05:04,【宮舞モカ車載】北海道ポケふた制覇の旅　Day3　紋別～女満別,sm45477103
137955884,バソキャン,2025,2025-01-11 02:29:03,【CeVIO車載】フィーちゃんとゆったりドライブ　vol.1【四輪車載】,sm44525255,2026-08-05 18:32:02,【雑談車載】7月の投稿本数とか今後の予定とか【四輪車載】,sm46629499
138195448,桂馬,2025,2025-09-01 18:00:00,【 talk flower 】避暑地で涼もう　『オープンカー車載』,sm45352877,2026-03-30 19:00:00,【 talk flower 】ヒメミコがきれいな季節だね『オープンカー車載』,sm46113043
138351386,おもちゃのうた,2025,2025-09-03 19:10:04,【ご当地サイダー投稿祭】養老サイダー＋岐阜旅行【ソフトウェアトーク車載】,sm45367432,2025-09-03 19:10:04,【ご当地サイダー投稿祭】養老サイダー＋岐阜旅行【ソフトウェアトーク車載】,sm45367432
138472482,ゼロイチ他力本願寺,2025,2025-02-18 18:44:04,高速道路で１週間過ごしてみて,sm44664845,2025-11-30 14:35:04,１万円で鍛冶が体験できる謎の道の駅に迫る！　～熊本県人吉～,sm45680026
139798389,旧橋本,2025,2025-04-27 13:41:03,【東北ずん子車載】#1 食べに行こっか、ソースカツ丼。,sm44919662,2026-07-11 10:36:40,【シンプル車載動画投稿祭】たまにはいいんじゃない…こういうのも。【夏色花梨車載】,sm46536073
139950256,なしんちゅ,2025,2025-06-28 11:57:04,【Cevio車載】小樽三人娘が行く！【始めました】,sm45130995,2026-07-20 20:00:00,【シンプル車載動画投稿祭】ダイヤモンド【Cevio車載】,sm46569213
140499587,うの男,2025,2025-06-15 17:05:03,SSTR2025 おじさんひとり旅,sm45090887,2026-01-12 07:56:03,W800cafeで行く【フリモメン誕生祭2026】碧を探しに行くWhiteCUL,sm45827250
140520406,たきだしみずたき,2025,2025-08-17 11:13:04,【ギャルゲ車載動画投稿祭】つむめたてぇてぇの巻　（高知編）,sm45299605,2026-08-01 00:03:32,【カップラーメン作ってたら遅刻！】あつあつ観音寺編,sm46611405
140912589,ゆーゆーじてき/旅先コレクション,2025,2025-07-21 17:49:06,【花隈千冬車載】日本に存在するエーゲ海へ！和歌山・白崎海岸を巡る絶景道の駅ドライブ！,sm45210292,2026-07-31 19:00:00,【花隈千冬車載】90℃の温泉で育てる朝食と熊野古道！和歌山県の道の駅完走ドライブ,sm46607845
141028520,Nokke,2025,2025-07-27 15:48:04,【VOICEROID車載】初投稿！朝から晩まで走りっぱなしグダりっぱなしのツーリング！,sm45227797,2026-03-08 18:00:00,【日帰り旅行祭N2026】フェリーに乗って三重へ！　伊勢湾フェリー、伊勢志摩スカイラインツーリング,sm46035838
141118232,秋活（しゅうかつ）,2025,2025-08-09 00:00:00,宮舞モカの六輪生活　#1 愛車紹介【2025初投稿動画祭/愛車紹介祭2025】,sm45251286,2026-08-15 00:00:00,マキモカの六輪生活_車載主キャンプオフin山形【ニコニ・コモンズ祭2026】,sm46600051
141128145,かしろ,2025,2025-08-24 20:51:03,【2025初投稿動画祭】フォトバミ～浄土平～,sm45332392,2025-08-24 20:51:03,【2025初投稿動画祭】フォトバミ～浄土平～,sm45332392
141297787,おだ。,2025,2025-11-06 10:57:03,【VOICEPEAK車載】はじめての車載inはこね【花隈千冬】,sm45595390,2026-07-29 00:17:21,【小春六花】車をシバきに行きました。【第8回ボイカーナ】【コハルドライブ#02】,sm46600830
141358564,鯖缶。,2025,2025-08-23 01:43:04,【CB250R】　【VOICEROID車載】愛知県 奥三河キャンプツーリング,sm45325004,2025-08-23 01:43:04,【CB250R】　【VOICEROID車載】愛知県 奥三河キャンプツーリング,sm45325004
141728171,どらいぶマニア!,2025,2025-09-26 17:00:00,阿蘇の大地を走る。異世界への入り口と絶景【ドライブ｜CoeFont】,sm45434555,2025-09-26 17:00:00,阿蘇の大地を走る。異世界への入り口と絶景【ドライブ｜CoeFont】,sm45434555
141733799,ぼろぼろ　オンボロ,2025,2025-10-18 08:19:04,オイル交換する【VOICEROID車載】,sm45528031,2025-10-18 08:19:04,オイル交換する【VOICEROID車載】,sm45528031
142037744,LEOch.,2025,2025-10-20 23:42:05,【VOICEROID車載】絶景続きで絶望する野付半島旅行,sm45538886,2026-05-08 00:00:00,【VOICEROID旅行】全力で怠けるために沖縄行ってきた【予告】,sm46281941
142063184,雪梛,2025,2025-11-22 19:59:04,【ロードバイク車載】荒川サイクリングロードを緩くぽたぽたする,sm45652634,2025-12-30 16:22:03,【VOICEVOX車載】頼むぜ相棒…年内最終の戦場だ,sm45783192
142173794,桃の孤独ドライブ,2025,2025-11-21 18:45:04,【VOICEVOX車載】ずんだもんと行く！アルピーヌA110で奥吉備街道を攻めてみたのだ【岡山】,sm45648849,2025-11-21 18:45:04,【VOICEVOX車載】ずんだもんと行く！アルピーヌA110で奥吉備街道を攻めてみたのだ【岡山】,sm45648849
142536139,無名の旅人,2025,2025-12-19 19:00:00,【告知動画】匿名アウトドア系動画投稿企画 「無名の旅人」,sm45731743,2025-12-26 19:00:00,【無名の旅人】怪しいずんだもんに導かれてクイズ旅した話。,sm45762238
142574040,つあらゔい,2025,2025-12-17 22:33:04,【VOICEROID車載】この動画をモトブログと呼んでいいのか...？-飯能ツーリング-(再うp),sm45737242,2026-06-10 03:12:04,【VOICEROID車載】富士山見えなかったよ泣,sm46417431
